feature,mean_importance,std_importance
Age,0.03184101084778838,0.017362350323790826
IOP_corr,0.0209298093602393,0.01619384191432414
Gender,0.010245143460808846,0.020271910566046904
Phakic/Pseudophakic,0.005718439848904106,0.019878985551523384
eyeID,0.002907359675067821,0.0068517202428395665
Pachymetry,0.0027483776870354105,0.008864856763204554
dioptre_2,8.49432781653429e-05,0.0010216320594945336
astigmatism,-0.0012830897957007016,0.0044473592790778
dioptre_1,-0.002925119731183013,0.006220349074293031
