feature,mean_drop_across_reps,std_drop_across_reps,baseline_auc_mean,baseline_auc_std,n_reps
Age,0.013105392156862749,0.005436527005752407,0.8887499999999999,0.02755940814873661,10
IOP_corr,0.008683823529411766,0.0033213280421355005,0.8887499999999999,0.02755940814873661,10
Gender,0.007700980392156867,0.011394806861639722,0.8887499999999999,0.02755940814873661,10
Pachymetry,0.0006838235294117676,0.004483049502641836,0.8887499999999999,0.02755940814873661,10
dioptre_2,-0.0002941176470588276,0.0006423252286392011,0.8887499999999999,0.02755940814873661,10
astigmatism,-0.0006887254901960787,0.0016973618769747256,0.8887499999999999,0.02755940814873661,10
Phakic/Pseudophakic,-0.0009215686274509783,0.007695338418275053,0.8887499999999999,0.02755940814873661,10
Axial_Length,-0.001026960784313726,0.003170425325037298,0.8887499999999999,0.02755940814873661,10
dioptre_1,-0.003914215686274506,0.0010102113446127624,0.8887499999999999,0.02755940814873661,10
