feature,mean_drop,std_drop,baseline_auc_mean
Age,0.1487745098039216,0.07246596166317897,0.7117647058823529
IOP_corr,0.0645588235294118,0.053595964337907635,0.7117647058823529
Phakic/Pseudophakic,0.031004901960784353,0.05039528009700277,0.7117647058823529
Pachymetry,0.011421568627451003,0.016547911692771797,0.7117647058823529
Gender,0.006102941176470622,0.022596178307964714,0.7117647058823529
eyeID,0.0,0.0,0.7117647058823529
dioptre_2,-0.0010294117647058861,0.003622645200240852,0.7117647058823529
astigmatism,-0.002156862745098008,0.008336072214271729,0.7117647058823529
dioptre_1,-0.006593137254901939,0.011003619078899692,0.7117647058823529
